,company,industry,symbol,category,market_cap,book_value,ROE,ROCE,net_profit_margin_inc,current_ratio,price_to_book,debt_to_equity,EPS,revenue_inc,cash_flow_inc,promoter_holding_change,inst_holding_change,div_yield,price_to_earning,return,sign
0,Adani Ports and Special Economic Zone Ltd.,SERVICES,ADANIPORTS,Nifty 50,69087,119.5,16.26,14.25,13.63,1.4,3.2,1.1,19.3,-0.37,3192.08,-3.97,4.16,0.6,18.95,81.74,1
1,Asian Paints Ltd.,CONSUMER GOODS,ASIANPAINT,Nifty 50,119612,102.5,22.76,30.42,-7.63,1.5,15.3,0.1,22.5,14.24,407.59,0,-1.04,0.64,61.76,100.71,1
2,Axis Bank Ltd.,FINANCIAL SERVICES,AXISBANK,Nifty 50,156906,263.7,7.43,6.86,809.09,NaN,2.85,2.4,19.59,20.1,439.34,-8.9,7.55,0,183.68,18.58,1
3,Bajaj Auto Ltd.,AUTOMOBILE,BAJAJ-AUTO,Nifty 50,76907,802.9,21.2,26.16,-3.27,1.5,4.05,0,170.29,20.19,-80.91,1.88,-2.69,2.1,17.64,25.94,1
4,Bajaj Finance Ltd.,FINANCIAL SERVICES,BAJFINANCE,Nifty 50,137747,341.5,20.28,15.21,8.6,3.1,9.22,5.2,69.26,37.39,-32.24,0.03,0.72,0.15,42.99,129.04,1
5,Bajaj Finserv Ltd.,FINANCIAL SERVICES,BAJAJFINSV,Nifty 50,87927,2296.6,13.55,14.52,-0.71,1.9,3.28,4.2,202.28,29.65,160.89,0.02,-0.05,0.03,33.4,106.13,1
6,Bharat Petroleum Corporation Ltd.,ENERGY,BPCL,Nifty 50,65587,207.6,20.12,16.38,-29.44,0.9,2,1.1,39.7,26.39,-86.98,-1.02,1.12,6.06,10.2,-6.34,0
7,Bharti Airtel Ltd.,TELECOM,BHARTIARTL,Nifty 50,120741,212.5,0.57,3.07,23.31,0.4,1.57,1.7,1,-2.12,-72.86,0,0.03,2.55,319.62,159.25,1
8,Indus Towers Ltd.,TELECOM,INDUSTOWER,Nifty 50,48515,78.6,17.16,16.85,20.23,2.4,4,0,13.5,9.54,98.13,0,0.25,7.34,21.73,-42.68,0
9,Cipla Ltd.,PHARMA,CIPLA,Nifty 50,48887,19.04,10.17,11.13,-1.5,3.3,2.8,0.3,18.9,8.55,-326.26,-0.51,2.71,0.54,33.13,63.57,1
10,Coal India Ltd.,METALS,COALINDIA,Nifty 50,162355,43.6,66,31.52,114.69,1.5,5.5,0.1,28.1,16.46,-138767.74,-7.59,7.74,10.2,11.36,-5.86,0
11,Dr. Reddy's Laboratories Ltd.,PHARMA,DRREDDY,Nifty 50,40237,844.8,13.9,14.37,93.26,1.9,3.3,0.2,117.3,9.35,73.01,0.01,0,0.76,24.88,63.63,1
12,Eicher Motors Ltd.,AUTOMOBILE,EICHERMOT,Nifty 50,61827,3269.3,24.69,32.79,5.42,2.1,6.3,0,806.9,10.77,728.62,-1.17,0.25,0.55,25.63,56.05,1
13,GAIL (India) Ltd.,ENERGY,GAIL,Nifty 50,83381,204.2,14.22,15.95,-11.14,1,1.7,0,29,39.95,-222.72,-1.32,2.56,2.09,13.07,-10.65,0
14,Grasim Industries Ltd.,CEMENT & CEMENT PRODUCTS,GRASIM,Nifty 50,55737,1264.6,3.17,7.43,-52.1,1.5,1,1.3,26.9,29,226.35,0.05,-1.37,0.78,39.3,101.53,1
15,HCL Technologies Ltd.,IT,HCLTECH,Nifty 50,139893,306,24.46,27.65,-2.79,2.4,3.6,0.1,73.5,18.51,1240,-0.18,0.09,0.76,14.63,104.24,1
16,HDFC Bank Ltd.,FINANCIAL SERVICES,HDFCBANK,Nifty 50,529816,564.3,14.53,7.81,-1.93,NaN,4.1,1,83.3,22.46,-156.06,0.9,-0.23,0.62,28.29,54.54,1
17,Hero MotoCorp Ltd.,AUTOMOBILE,HEROMOTOCO,Nifty 50,57851,662.7,26.24,36.04,-11.41,1.9,3.9,0,172.4,5.08,37.06,0,0.33,3.54,14.79,-8.86,0
18,Hindalco Industries Ltd.,METALS,HINDALCO,Nifty 50,53990,258.6,9.55,9.97,-21.93,1.6,0.8,0.9,24.7,13.23,277.22,-0.01,-1.82,0.61,32.52,102.93,1
19,Hindustan Petroleum Corporation Ltd.,ENERGY,HINDPETRO,Nifty 50,36602,199.5,22,19.73,-22.01,0.8,1.4,0.9,43.9,25.29,70.72,0,-0.66,7.29,7.39,-3.91,0
20,Hindustan Unilever Ltd.,CONSUMER GOODS,HINDUNILVR,Nifty 50,354667,36.5,76.95,88.98,4.83,1.4,46.9,0,28,10.94,-233.33,0,-0.55,1.21,64.07,41.67,1
21,Housing Development Finance Corporation Ltd.,FINANCIAL SERVICES,HDFC,Nifty 50,313331,,,,,,,,,,,,,,,,0
22,I T C Ltd.,CONSUMER GOODS,ITC,Nifty 50,346803,,,,,,,,,,,,,,,,0
23,ICICI Bank Ltd.,FINANCIAL SERVICES,ICICIBANK,Nifty 50,228119,,,,,,,,,,,,,,,,0
24,Indiabulls Housing Finance Ltd.,FINANCIAL SERVICES,IBULHSGFIN,Nifty 50,37161,,,,,,,,,,,,,,,,0
25,Indian Oil Corporation Ltd.,ENERGY,IOC,Nifty 50,143978,,,,,,,,,,,,,,,,0
26,IndusInd Bank Ltd.,FINANCIAL SERVICES,INDUSINDBK,Nifty 50,92765,,,,,,,,,,,,,,,,0
27,Infosys Ltd.,IT,INFY,Nifty 50,289297,,,,,,,,,,,,,,,,0
28,JSW Steel Ltd.,METALS,JSWSTEEL,Nifty 50,85280,,,,,,,,,,,,,,,,0
29,Kotak Mahindra Bank Ltd.,FINANCIAL SERVICES,KOTAKBANK,Nifty 50,216115,,,,,,,,,,,,,,,,0
30,Larsen & Toubro Ltd.,CONSTRUCTION,LT,Nifty 50,190450,,,,,,,,,,,,,,,,0
31,Mahindra & Mahindra Ltd.,AUTOMOBILE,M&M,Nifty 50,97410,,,,,,,,,,,,,,,,0
32,Maruti Suzuki India Ltd.,AUTOMOBILE,MARUTI,Nifty 50,215548,,,,,,,,,,,,,,,,0
33,NTPC Ltd.,ENERGY,NTPC,Nifty 50,130278,,,,,,,,,,,,,,,,0
34,Oil & Natural Gas Corporation Ltd.,ENERGY,ONGC,Nifty 50,201931,,,,,,,,,,,,,,,,0
35,Power Grid Corporation of India Ltd.,ENERGY,POWERGRID,Nifty 50,99322,,,,,,,,,,,,,,,,0
36,Reliance Industries Ltd.,ENERGY,RELIANCE,Nifty 50,681328,,,,,,,,,,,,,,,,0
37,State Bank of India,FINANCIAL SERVICES,SBIN,Nifty 50,254663,,,,,,,,,,,,,,,,0
38,Sun Pharmaceutical Industries Ltd.,PHARMA,SUNPHARMA,Nifty 50,137205,,,,,,,,,,,,,,,,0
39,Tata Consultancy Services Ltd.,IT,TCS,Nifty 50,718000,,,,,,,,,,,,,,,,0
40,Tata Motors Ltd.,AUTOMOBILE,TATAMOTORS,Nifty 50,60161,,,,,,,,,,,,,,,,0
41,Tata Steel Ltd.,METALS,TATASTEEL,Nifty 50,64673,,,,,,,,,,,,,,,,0
42,Tech Mahindra Ltd.,IT,TECHM,Nifty 50,67778,,,,,,,,,,,,,,,,0
43,Titan Company Ltd.,CONSUMER GOODS,TITAN,Nifty 50,77326,,,,,,,,,,,,,,,,0
44,UPL Ltd.,FERTILISERS & PESTICIDES,UPL,Nifty 50,36237,,,,,,,,,,,,,,,,0
45,UltraTech Cement Ltd.,CEMENT & CEMENT PRODUCTS,ULTRACEMCO,Nifty 50,102458,,,,,,,,,,,,,,,,0
46,Vedanta Ltd.,METALS,VEDL,Nifty 50,83971,,,,,,,,,,,,,,,,0
47,Wipro Ltd.,IT,WIPRO,Nifty 50,144048,,,,,,,,,,,,,,,,0
48,Yes Bank Ltd.,FINANCIAL SERVICES,YESBANK,Nifty 50,48326,,,,,,,,,,,,,,,,0
49,Zee Entertainment Enterprises Ltd.,MEDIA & ENTERTAINMENT,ZEEL,Nifty 50,42390,,,,,,,,,,,,,,,,0
50,ABB India Ltd.,INDUSTRIAL MANUFACTURING,ABB,Nifty Next 50,27933,166.1,12.74,11.1,10.74,1.5,7,0,24.1,9.77,-24.52,0,-0.13,0.32,60.44,137.98,1
51,ACC Ltd.,CEMENT & CEMENT PRODUCTS,ACC,Nifty Next 50,27257,560.4,14.43,13.98,48.47,1.4,2.7,0,80.8,11.41,-50.26,0,-0.54,1.99,28.53,71.54,1
52,Aditya Birla Capital Ltd.,FINANCIAL SERVICES,ABCAPITAL,Nifty Next 50,23412,48.5,9.15,6.56,-14.03,3.6,2.3,5.9,4,31.62,-94.41,-0.01,-1.14,0,25.64,57.93,1
53,Ambuja Cements Ltd.,CEMENT & CEMENT PRODUCTS,AMBUJACEM,Nifty Next 50,40517,139,9.73,11.15,11.36,1.5,2,0,11,10.37,-86.69,-0.1,-0.58,0.91,27,162.35,1
54,Ashok Leyland Ltd.,AUTOMOBILE,ASHOKLEY,Nifty Next 50,34551,33.5,23.76,18.32,7.7,1.1,3.1,1.7,7.1,11.76,169.88,-0.15,-5.29,2.8,13.09,66.3,1
55,Aurobindo Pharma Ltd.,PHARMA,AUROPHARMA,Nifty Next 50,45783,237,17.02,23.82,-17.84,1.3,3.3,0.5,40.4,19.04,-25.18,0,1.54,0.31,18.34,-35.68,0
56,Avenue Supermarts Ltd.,CONSUMER GOODS,DMART,Nifty Next 50,91272,89.05,16.15,25.42,-13.93,1.7,16.4,0.1,14.3,32.78,76.58,-1,1.86,0,100.69,135.96,1
57,Bandhan Bank Ltd.,FINANCIAL SERVICES,BANDHANBNK,Nifty Next 50,50915,93.9,17.42,10.73,4.86,NaN,5.6,0,16.4,39.9,121.46,-0.02,4.17,0.21,33.8,-52.4,0
58,Bank of Baroda,FINANCIAL SERVICES,BANKBARODA,Nifty Next 50,29074,188.4,2.2,6.08,149.4,NaN,0.7,1.4,4.2,12.48,100.82,-0.77,0,0,-17.15,55.08,1
59,Bharat Electronics Ltd.,INDUSTRIAL MANUFACTURING,BEL,Nifty Next 50,23148,37.9,20.47,25.46,12.27,1.5,2.5,0,5.8,15.48,97.64,-7.69,6.06,2.35,11.4,244.1,1
60,Bharat Heavy Electricals Ltd.,INDUSTRIAL MANUFACTURING,BHEL,Nifty Next 50,26801,88.7,3.25,5.65,36.36,1.7,0.8,0.1,2.8,5.01,-253.79,0.11,0.01,2.75,24.52,7.64,1
61,Biocon Ltd.,PHARMA,BIOCON,Nifty Next 50,37860,111.8,14.84,11.91,73.45,1.6,6,0.3,7.6,30.7,176.11,0,1.34,0.16,46.06,-26.03,0
62,Bosch Ltd.,AUTOMOBILE,BOSCHLTD,Nifty Next 50,59898,3090.8,17.52,24.78,12.8,2,5.9,0,525,3.92,-173.44,0.05,0.12,0.53,35.39,-5.28,0
63,Britannia Industries Ltd.,CONSUMER GOODS,BRITANNIA,Nifty Next 50,67301,178.4,27.25,40.49,3.36,1.9,17.4,0,48.2,11.71,-186.29,-0.04,-1.57,0.41,64.1,43.98,1
64,Cadila Healthcare Ltd.,PHARMA,CADILAHC,Nifty Next 50,36737,,,,,,,,,,,,,,,,0
65,Colgate Palmolive (India) Ltd.,CONSUMER GOODS,COLPAL,Nifty Next 50,30139,53.2,53.6,70.74,8.09,1,23.7,0.1,28.5,6.47,-32.03,0,-1.11,1.93,44.2,17.71,1
66,Container Corporation of India Ltd.,SERVICES,CONCOR,Nifty Next 50,32154,171.3,11.92,15.38,11.2,2.3,3.1,0.1,20.1,5.42,-207.9,0,0.21,1.79,20.07,25.01,1
67,DLF Ltd.,CONSTRUCTION,DLF,Nifty Next 50,30325,152.3,3.92,6.28,-93.12,1.3,1.3,0.4,6,17.82,242.16,-3.04,3.94,0.85,26.43,112.86,1
68,Dabur India Ltd.,CONSUMER GOODS,DABUR,Nifty Next 50,65255,32.1,25.61,32.18,-3.41,1.3,12.8,0.1,8.1,9.77,-103.75,-0.17,-0.88,1.69,53.54,21.86,1
69,General Insurance Corporation of India,FINANCIAL SERVICES,GICRE,Nifty Next 50,57307,193.2,8.13,6.89,-19.92,0.7,1.3,0,15.7,3.48,-179.31,0,0.24,2.99,16.69,-33.52,0
70,Godrej Consumer Products Ltd.,CONSUMER GOODS,GODREJCP,Nifty Next 50,73029,71.1,32.22,20,36.77,1.2,9.7,0.4,22.9,4.75,-11804.08,-0.01,-0.25,1.57,34.35,36.59,1
71,HDFC Standard Life Insurance Company Ltd.,FINANCIAL SERVICES,HDFCLIFE,Nifty Next 50,77858,,,,,,,,,,,,,,,,0
72,Havells India Ltd.,CONSUMER GOODS,HAVELLS,Nifty Next 50,40415,,,,,,,,,,,,,,,,0
73,Hindustan Zinc Ltd.,METALS,HINDZINC,Nifty Next 50,111570,,,,,,,,,,,,,,,,0
74,ICICI Lombard General Insurance Company Ltd.,FINANCIAL SERVICES,ICICIGI,Nifty Next 50,38119,,,,,,,,,,,,,,,,0
75,ICICI Prudential Life Insurance Company Ltd.,FINANCIAL SERVICES,ICICIPRULI,Nifty Next 50,50590,,,,,,,,,,,,,,,,0
76,InterGlobe Aviation Ltd.,SERVICES,INDIGO,Nifty Next 50,37489,,,,,,,,,,,,,,,,0
77,L&T Finance Holdings Ltd.,FINANCIAL SERVICES,L&TFH,Nifty Next 50,26794,,,,,,,,,,,,,,,,0
78,LIC Housing Finance Ltd.,FINANCIAL SERVICES,LICHSGFIN,Nifty Next 50,21728,,,,,,,,,,,,,,,,0
79,Lupin Ltd.,PHARMA,LUPIN,Nifty Next 50,38435,,,,,,,,,,,,,,,,0
80,MRF Ltd.,AUTOMOBILE,MRF,Nifty Next 50,28188,,,,,,,,,,,,,,,,0
81,Marico Ltd.,CONSUMER GOODS,MARICO,Nifty Next 50,43638,,,,,,,,,,,,,,,,0
82,Motherson Sumi Systems Ltd.,AUTOMOBILE,MOTHERSUMI,Nifty Next 50,54474,,,,,,,,,,,,,,,,0
83,NHPC Ltd.,ENERGY,NHPC,Nifty Next 50,24981,,,,,,,,,,,,,,,,0
84,NMDC Ltd.,METALS,NMDC,Nifty Next 50,36337,,,,,,,,,,,,,,,,0
85,Oil India Ltd.,ENERGY,OIL,Nifty Next 50,22795,,,,,,,,,,,,,,,,0
86,Oracle Financial Services Software Ltd.,IT,OFSS,Nifty Next 50,30393,,,,,,,,,,,,,,,,0
87,Petronet LNG Ltd.,ENERGY,PETRONET,Nifty Next 50,33608,,,,,,,,,,,,,,,,0
88,Pidilite Industries Ltd.,CHEMICALS,PIDILITIND,Nifty Next 50,50251,,,,,,,,,,,,,,,,0
89,Piramal Enterprises Ltd.,PHARMA,PEL,Nifty Next 50,39326,,,,,,,,,,,,,,,,0
90,Procter & Gamble Hygiene & Health Care Ltd.,CONSUMER GOODS,PGHH,Nifty Next 50,31468,,,,,,,,,,,,,,,,0
91,SBI Life Insurance Company Ltd.,FINANCIAL SERVICES,SBILIFE,Nifty Next 50,56330,,,,,,,,,,,,,,,,0
92,Shree Cement Ltd.,CEMENT & CEMENT PRODUCTS,SHREECEM,Nifty Next 50,51439,,,,,,,,,,,,,,,,0
93,Shriram Transport Finance Co. Ltd.,FINANCIAL SERVICES,SRTRANSFIN,Nifty Next 50,28451,,,,,,,,,,,,,,,,0
94,Siemens Ltd.,INDUSTRIAL MANUFACTURING,SIEMENS,Nifty Next 50,34218,,,,,,,,,,,,,,,,0
95,Steel Authority of India Ltd.,METALS,SAIL,Nifty Next 50,28728,,,,,,,,,,,,,,,,0
96,Sun TV Network Ltd.,MEDIA & ENTERTAINMENT,SUNTV,Nifty Next 50,26136,,,,,,,,,,,,,,,,0
97,The New India Assurance Company Ltd.,FINANCIAL SERVICES,NIACL,Nifty Next 50,37302,,,,,,,,,,,,,,,,0
98,United Spirits Ltd.,CONSUMER GOODS,MCDOWELL-N,Nifty Next 50,44681,,,,,,,,,,,,,,,,0
99,Vodafone Idea Ltd.,TELECOM,IDEA,Nifty Next 50,35466,,,,,,,,,,,,,,,,0
100,3M India Ltd.,SERVICES,3MINDIA,Nifty Midcap 150,22859,1271.9,25.55,35.97,-1.38,2.6,18.9,0,325.1,10.86,-601.69,0,-0.71,0,64,-1.51,0
101,AIA Engineering Ltd.,INDUSTRIAL MANUFACTURING,AIAENG,Nifty Midcap 150,16113,373.5,14.53,19.31,-8.16,7.7,4.8,0,54.2,24.29,137.24,-3.18,2.91,0.45,33.15,55.03,1
102,AU Small Finance Bank Ltd.,FINANCIAL SERVICES,AUBANK,Nifty Midcap 150,16348,108.2,12.07,7.46,-21.67,0,5.5,2.7,13.2,58.27,-21.03,-0.51,18.99,0.09,48.06,99.29,1
103,Adani Power Ltd.,ENERGY,ADANIPOWER,Nifty Midcap 150,19227,-0.7,0,9.39,59.65,0.7,-64.7,-151.1,-3.2,24.98,-92.37,1.9,-0.29,0,-8.14,216.44,1
104,Adani Transmission Ltd.,ENERGY,ADANITRANS,Nifty Midcap 150,19681,42.1,12.06,8.22,-73.59,0.7,5.2,3.9,2.3,86.45,-508.75,0,0.57,0,37.6,205.07,1
105,Aditya Birla Fashion and Retail Ltd.,CONSUMER GOODS,ABFRL,Nifty Midcap 150,14906,,,,,,,,,,,,,,,,0
106,Ajanta Pharmaceuticals Ltd.,PHARMA,AJANTPHARM,Nifty Midcap 150,9553,256,17.23,22.23,-14.61,3.1,4,0,44,-3.42,-81.78,-0.18,0.78,0.91,22.34,41.64,1
107,Alembic Pharmaceuticals Ltd.,PHARMA,APLLTD,Nifty Midcap 150,11110,144.2,21.49,23.34,12.05,1.3,3.7,0.3,31,25.72,266.45,0.04,0.66,0.74,18.44,-8.92,0
108,Alkem Laboratories Ltd.,PHARMA,ALKEM,Nifty Midcap 150,22824,466.1,13.98,16.84,5.73,1.9,3.9,0.2,63.6,14.22,1371.79,0.16,0.87,0.73,32.27,80.41,1
109,Amara Raja Batteries Ltd.,AUTOMOBILE,AMARAJABAT,Nifty Midcap 150,13508,,,,,,,,,,,,,,,,0
110,Apollo Hospitals Enterprise Ltd.,HEALTHCARE SERVICES,APOLLOHOSP,Nifty Midcap 150,16052,249.3,7.08,9.67,191.55,1.2,5.1,1,17,16.59,-185.44,0.01,0.57,0.43,56.06,286.08,1
111,Apollo Tyres Ltd.,AUTOMOBILE,APOLLOTYRE,Nifty Midcap 150,12625,175.5,6.77,8.01,-20.53,1.3,1.3,0.5,11.9,18.15,-92.7,0.58,-3.09,1.36,14.87,43.71,1
112,Astral Poly Technik Ltd.,INDUSTRIAL MANUFACTURING,ASTRAL,Nifty Midcap 150,12172,107.8,15.33,21.09,-5.32,1.5,10.9,0.2,16.3,19.07,71.35,-0.02,1.22,0.06,65.33,193.52,1
113,Avanti Feeds Ltd.,CONSUMER GOODS,AVANTIFEED,Nifty Midcap 150,5592,99.6,22.68,30.48,-35.96,5.4,4.6,0,20.1,2.92,251.54,-0.02,-14.75,1.74,15.62,9.42,1
114,Bajaj Holdings & Investment Ltd.,FINANCIAL SERVICES,BAJAJHLDNG,Nifty Midcap 150,31329,2421.8,11.31,1.27,-19.44,218,1.4,0,273.9,1.64,-196.64,4.71,-4.51,1.27,11.49,88.33,1
115,Balkrishna Industries Ltd.,AUTOMOBILE,BALKRISIND,Nifty Midcap 150,21512,240.7,16.62,23.63,-10.33,1.7,4.1,0.2,40,13.48,412.73,0,-2.14,0.79,21.78,127.81,1
116,Bank of India,FINANCIAL SERVICES,BANKINDIA,Nifty Midcap 150,14685,132.9,-14.79,5.76,15.46,NaN,0.8,1.2,-29.1,4.78,-164.31,3.96,-4.58,0,-1.57,-14.5,0
117,Bata India Ltd.,CONSUMER GOODS,BATAINDIA,Nifty Midcap 150,12938,135.5,18.88,26.09,34.05,2.9,10.4,0,25.6,11.73,156.63,0,1.03,0.31,56.04,10.28,1
118,Berger Paints India Ltd.,CONSUMER GOODS,BERGEPAINT,Nifty Midcap 150,29558,25.5,20.13,28.4,-7.64,1.7,12.7,0.2,5.1,17.47,-169.17,-0.01,-0.44,0.6,59.53,91.21,1
119,Bharat Financial Inclusion Ltd.,FINANCIAL SERVICES,BHARATFIN,Nifty Midcap 150,13353,,,,,,,,,,,,,,,,0
120,Bharat Forge Ltd.,INDUSTRIAL MANUFACTURING,BHARATFORG,Nifty Midcap 150,28273,116.1,19.19,23.06,13.97,1.3,4.4,0.7,22.2,21.75,164.53,0.01,-1.82,0.97,27.61,57.87,1
121,Blue Dart Express Ltd.,SERVICES,BLUEDART,Nifty Midcap 150,6518,243.1,15.53,17.25,-45.35,1.1,14.7,0.9,37.8,13.25,269.61,0,-2.87,0.4,68.07,95.58,1
122,CRISIL Ltd.,FINANCIAL SERVICES,CRISIL,Nifty Midcap 150,10835,157.6,31.95,43.34,13.13,1.7,10.3,0,50.3,8.2,242.66,0.84,-0.97,1.82,32.19,94.83,1
123,Canara Bank,FINANCIAL SERVICES,CANBK,Nifty Midcap 150,17855,,,,,,,,,,,,,,,,0
124,Castrol India Ltd.,ENERGY,CASTROLIND,Nifty Midcap 150,14476,,,,,,,,,,,,,,,,0
125,Central Bank of India,FINANCIAL SERVICES,CENTRALBK,Nifty Midcap 150,8300,,,,,,,,,,,,,,,,0
126,Century Textile & Industries Ltd.,CEMENT & CEMENT PRODUCTS,CENTURYTEX,Nifty Midcap 150,9519,,,,,,,,,,,,,,,,0
127,Cholamandalam Investment and Finance Company Ltd.,FINANCIAL SERVICES,CHOLAFIN,Nifty Midcap 150,20688,,,,,,,,,,,,,,,,0
128,City Union Bank Ltd.,FINANCIAL SERVICES,CUB,Nifty Midcap 150,12387,,,,,,,,,,,,,,,,0
129,Coromandel International Ltd.,FERTILISERS & PESTICIDES,COROMANDEL,Nifty Midcap 150,12420,,,,,,,,,,,,,,,,0
130,Crompton Greaves Consumer Electricals Ltd.,CONSUMER GOODS,CROMPTON,Nifty Midcap 150,13683,,,,,,,,,,,,,,,,0
131,Cummins India Ltd.,INDUSTRIAL MANUFACTURING,CUMMINSIND,Nifty Midcap 150,21297,,,,,,,,,,,,,,,,0
132,Dewan Housing Finance Corporation Ltd.,FINANCIAL SERVICES,DHFL,Nifty Midcap 150,7261,,,,,,,,,,,,,,,,0
133,Dilip Buildcon Ltd.,CONSTRUCTION,DBL,Nifty Midcap 150,5845,,,,,,,,,,,,,,,,0
134,Dish TV India Ltd.,MEDIA & ENTERTAINMENT,DISHTV,Nifty Midcap 150,7945,,,,,,,,,,,,,,,,0
135,Divi's Laboratories Ltd.,PHARMA,DIVISLAB,Nifty Midcap 150,39800,,,,,,,,,,,,,,,,0
136,EIH Ltd.,SERVICES,EIHOTEL,Nifty Midcap 150,9453,,,,,,,,,,,,,,,,0
137,Edelweiss Financial Services Ltd.,FINANCIAL SERVICES,EDELWEISS,Nifty Midcap 150,16233,,,,,,,,,,,,,,,,0
138,Emami Ltd.,CONSUMER GOODS,EMAMILTD,Nifty Midcap 150,19145,,,,,,,,,,,,,,,,0
139,Endurance Technologies Ltd.,AUTOMOBILE,ENDURANCE,Nifty Midcap 150,17662,,,,,,,,,,,,,,,,0
140,Engineers India Ltd.,CONSTRUCTION,ENGINERSIN,Nifty Midcap 150,7577,,,,,,,,,,,,,,,,0
141,Escorts Ltd.,AUTOMOBILE,ESCORTS,Nifty Midcap 150,8286,,,,,,,,,,,,,,,,0
142,Exide Industries Ltd.,AUTOMOBILE,EXIDEIND,Nifty Midcap 150,21552,,,,,,,,,,,,,,,,0
143,Federal Bank Ltd.,FINANCIAL SERVICES,FEDERALBNK,Nifty Midcap 150,16329,,,,,,,,,,,,,,,,0
144,Finolex Cables Ltd.,INDUSTRIAL MANUFACTURING,FINCABLES,Nifty Midcap 150,7726,,,,,,,,,,,,,,,,0
145,Future Consumer Ltd.,CONSUMER GOODS,FCONSUMER,Nifty Midcap 150,8449,,,,,,,,,,,,,,,,0
146,Future Retail Ltd.,CONSUMER GOODS,FRETAIL,Nifty Midcap 150,25292,,,,,,,,,,,,,,,,0
147,GE T&D India Ltd.,INDUSTRIAL MANUFACTURING,GET&D,Nifty Midcap 150,6150,,,,,,,,,,,,,,,,0
148,GMR Infrastructure Ltd.,CONSTRUCTION,GMRINFRA,Nifty Midcap 150,10231,,,,,,,,,,,,,,,,0
149,Gillette India Ltd.,CONSUMER GOODS,GILLETTE,Nifty Midcap 150,21313,,,,,,,,,,,,,,,,0
150,GlaxoSmithkline Consumer Healthcare Ltd.,CONSUMER GOODS,GSKCONS,Nifty Midcap 150,29943,,,,,,,,,,,,,,,,0
151,Glaxosmithkline Pharmaceuticals Ltd.,PHARMA,GLAXO,Nifty Midcap 150,24403,,,,,,,,,,,,,,,,0
152,Glenmark Pharmaceuticals Ltd.,PHARMA,GLENMARK,Nifty Midcap 150,17678,,,,,,,,,,,,,,,,0
153,Godrej Agrovet Ltd.,CONSUMER GOODS,GODREJAGRO,Nifty Midcap 150,10028,,,,,,,,,,,,,,,,0
154,Godrej Industries Ltd.,CONSUMER GOODS,GODREJIND,Nifty Midcap 150,16069,,,,,,,,,,,,,,,,0
155,Godrej Properties Ltd.,CONSTRUCTION,GODREJPROP,Nifty Midcap 150,13907,,,,,,,,,,,,,,,,0
156,Graphite India Ltd.,INDUSTRIAL MANUFACTURING,GRAPHITE,Nifty Midcap 150,19124,,,,,,,,,,,,,,,,0
157,Gruh Finance Ltd.,FINANCIAL SERVICES,GRUH,Nifty Midcap 150,21811,,,,,,,,,,,,,,,,0
158,Gujarat Gas Ltd.,ENERGY,GUJGASLTD,Nifty Midcap 150,8734,,,,,,,,,,,,,,,,0
159,Gujarat State Petronet Ltd.,ENERGY,GSPL,Nifty Midcap 150,10260,,,,,,,,,,,,,,,,0
160,H.E.G. Ltd.,INDUSTRIAL MANUFACTURING,HEG,Nifty Midcap 150,16707,,,,,,,,,,,,,,,,0
161,Hatsun Agro Product Ltd.,CONSUMER GOODS,HATSUN,Nifty Midcap 150,10121,,,,,,,,,,,,,,,,0
162,Hexaware Technologies Ltd.,IT,HEXAWARE,Nifty Midcap 150,9250,,,,,,,,,,,,,,,,0
163,Hindustan Aeronautics Ltd.,INDUSTRIAL MANUFACTURING,HAL,Nifty Midcap 150,25301,,,,,,,,,,,,,,,,0
164,Honeywell Automation India Ltd.,INDUSTRIAL MANUFACTURING,HONAUT,Nifty Midcap 150,17980,,,,,,,,,,,,,,,,0
165,Housing & Urban Development Corporation Ltd.,FINANCIAL SERVICES,HUDCO,Nifty Midcap 150,8989,,,,,,,,,,,,,,,,0
166,ICICI Securities Ltd.,FINANCIAL SERVICES,ISEC,Nifty Midcap 150,7833,,,,,,,,,,,,,,,,0
167,IDBI Bank Ltd.,FINANCIAL SERVICES,IDBI,Nifty Midcap 150,26742,,,,,,,,,,,,,,,,0
168,IDFC Bank Ltd.,FINANCIAL SERVICES,IDFCBANK,Nifty Midcap 150,12120,,,,,,,,,,,,,,,,0
169,IIFL Holdings Ltd.,FINANCIAL SERVICES,IIFL,Nifty Midcap 150,14457,,,,,,,,,,,,,,,,0
170,Indiabulls Ventures Ltd.,FINANCIAL SERVICES,IBVENTURES,Nifty Midcap 150,25092,,,,,,,,,,,,,,,,0
171,Indian Bank,FINANCIAL SERVICES,INDIANB,Nifty Midcap 150,11933,,,,,,,,,,,,,,,,0
172,Indian Hotels Co. Ltd.,SERVICES,INDHOTEL,Nifty Midcap 150,15585,,,,,,,,,,,,,,,,0
173,Indraprastha Gas Ltd.,ENERGY,IGL,Nifty Midcap 150,19730,,,,,,,,,,,,,,,,0
174,Info Edge (India) Ltd.,IT,NAUKRI,Nifty Midcap 150,17958,,,,,,,,,,,,,,,,0
175,JM Financial Ltd.,FINANCIAL SERVICES,JMFINANCIL,Nifty Midcap 150,6458,,,,,,,,,,,,,,,,0
176,JSW Energy Ltd.,ENERGY,JSWENERGY,Nifty Midcap 150,10781,,,,,,,,,,,,,,,,0
177,Jindal Steel & Power Ltd.,METALS,JINDALSTEL,Nifty Midcap 150,17888,,,,,,,,,,,,,,,,0
178,Jubilant Foodworks Ltd.,CONSUMER GOODS,JUBLFOOD,Nifty Midcap 150,14254,,,,,,,,,,,,,,,,0
179,Jubilant Life Sciences Ltd.,PHARMA,JUBILANT,Nifty Midcap 150,11188,,,,,,,,,,,,,,,,0
180,KIOCL Ltd.,METALS,KIOCL,Nifty Midcap 150,10384,,,,,,,,,,,,,,,,0
181,KRBL Ltd.,CONSUMER GOODS,KRBL,Nifty Midcap 150,7960,,,,,,,,,,,,,,,,0
182,Kansai Nerolac Paints Ltd.,CONSUMER GOODS,KANSAINER,Nifty Midcap 150,21010,,,,,,,,,,,,,,,,0
183,L&T Technology Services Ltd.,IT,LTTS,Nifty Midcap 150,17396,,,,,,,,,,,,,,,,0
184,Larsen & Toubro Infotech Ltd.,IT,LTI,Nifty Midcap 150,29513,,,,,,,,,,,,,,,,0
185,Mahanagar Gas Ltd.,ENERGY,MGL,Nifty Midcap 150,8338,,,,,,,,,,,,,,,,0
186,Mahindra & Mahindra Financial Services Ltd.,FINANCIAL SERVICES,M&MFIN,Nifty Midcap 150,26598,,,,,,,,,,,,,,,,0
187,Mahindra CIE Automotive Ltd.,INDUSTRIAL MANUFACTURING,MAHINDCIE,Nifty Midcap 150,9943,,,,,,,,,,,,,,,,0
188,Manappuram Finance Ltd.,FINANCIAL SERVICES,MANAPPURAM,Nifty Midcap 150,6987,,,,,,,,,,,,,,,,0
189,Mangalore Refinery & Petrochemicals Ltd.,ENERGY,MRPL,Nifty Midcap 150,14494,,,,,,,,,,,,,,,,0
190,Max Financial Services Ltd.,FINANCIAL SERVICES,MFSL,Nifty Midcap 150,10929,,,,,,,,,,,,,,,,0
191,MindTree Ltd.,IT,MINDTREE,Nifty Midcap 150,13200,,,,,,,,,,,,,,,,0
192,Motilal Oswal Financial Services Ltd.,FINANCIAL SERVICES,MOTILALOFS,Nifty Midcap 150,9973,,,,,,,,,,,,,,,,0
193,MphasiS Ltd.,IT,MPHASIS,Nifty Midcap 150,18389,,,,,,,,,,,,,,,,0
194,Muthoot Finance Ltd.,FINANCIAL SERVICES,MUTHOOTFIN,Nifty Midcap 150,17465,,,,,,,,,,,,,,,,0
195,NATCO Pharma Ltd.,PHARMA,NATCOPHARM,Nifty Midcap 150,14305,,,,,,,,,,,,,,,,0
196,NBCC (India) Ltd.,CONSTRUCTION,NBCC,Nifty Midcap 150,10593,,,,,,,,,,,,,,,,0
197,NLC India Ltd.,ENERGY,NLCINDIA,Nifty Midcap 150,12473,,,,,,,,,,,,,,,,0
198,National Aluminium Co. Ltd.,METALS,NATIONALUM,Nifty Midcap 150,13395,,,,,,,,,,,,,,,,0
199,Oberoi Realty Ltd.,CONSTRUCTION,OBEROIRLTY,Nifty Midcap 150,15539,,,,,,,,,,,,,,,,0
200,PC Jeweller Ltd.,CONSUMER GOODS,PCJEWELLER,Nifty Midcap 150,3481,,,,,,,,,,,,,,,,0
201,PI Industries Ltd.,FERTILISERS & PESTICIDES,PIIND,Nifty Midcap 150,11041,,,,,,,,,,,,,,,,0
202,PNB Housing Finance Ltd.,FINANCIAL SERVICES,PNBHOUSING,Nifty Midcap 150,14590,,,,,,,,,,,,,,,,0
203,Page Industries Ltd.,TEXTILES,PAGEIND,Nifty Midcap 150,32664,,,,,,,,,,,,,,,,0
204,Pfizer Ltd.,PHARMA,PFIZER,Nifty Midcap 150,13350,,,,,,,,,,,,,,,,0
205,Phoenix Mills Ltd.,CONSTRUCTION,PHOENIXLTD,Nifty Midcap 150,8787,,,,,,,,,,,,,,,,0
206,Power Finance Corporation Ltd.,FINANCIAL SERVICES,PFC,Nifty Midcap 150,24711,,,,,,,,,,,,,,,,0
207,Prestige Estates Projects Ltd.,CONSTRUCTION,PRESTIGE,Nifty Midcap 150,7052,,,,,,,,,,,,,,,,0
208,Punjab National Bank,FINANCIAL SERVICES,PNB,Nifty Midcap 150,21223,,,,,,,,,,,,,,,,0
209,Quess Corp Ltd.,SERVICES,QUESS,Nifty Midcap 150,10983,,,,,,,,,,,,,,,,0
210,RBL Bank Ltd.,FINANCIAL SERVICES,RBLBANK,Nifty Midcap 150,22212,,,,,,,,,,,,,,,,0
211,REC Ltd.,FINANCIAL SERVICES,RECLTD,Nifty Midcap 150,23452,,,,,,,,,,,,,,,,0
212,Rajesh Exports Ltd.,CONSUMER GOODS,RAJESHEXPO,Nifty Midcap 150,16834,,,,,,,,,,,,,,,,0
213,Reliance Capital Ltd.,FINANCIAL SERVICES,RELCAPITAL,Nifty Midcap 150,6395,,,,,,,,,,,,,,,,0
214,Reliance Infrastructure Ltd.,ENERGY,RELINFRA,Nifty Midcap 150,9874,,,,,,,,,,,,,,,,0
215,Reliance Nippon Life Asset Management Ltd.,FINANCIAL SERVICES,RNAM,Nifty Midcap 150,10217,,,,,,,,,,,,,,,,0
216,Reliance Power Ltd.,ENERGY,RPOWER,Nifty Midcap 150,8794,,,,,,,,,,,,,,,,0
217,SJVN Ltd.,ENERGY,SJVN,Nifty Midcap 150,11043,,,,,,,,,,,,,,,,0
218,SKF India Ltd.,INDUSTRIAL MANUFACTURING,SKFINDIA,Nifty Midcap 150,9188,,,,,,,,,,,,,,,,0
219,SRF Ltd.,TEXTILES,SRF,Nifty Midcap 150,11259,,,,,,,,,,,,,,,,0
220,Sanofi India Ltd.,PHARMA,SANOFI,Nifty Midcap 150,13612,,,,,,,,,,,,,,,,0
221,Shriram City Union Finance Ltd.,FINANCIAL SERVICES,SHRIRAMCIT,Nifty Midcap 150,10346,,,,,,,,,,,,,,,,0
222,Solar Industries India Ltd.,CHEMICALS,SOLARINDS,Nifty Midcap 150,9008,,,,,,,,,,,,,,,,0
223,Sterlite Technologies Ltd.,TELECOM,STRTECH,Nifty Midcap 150,15066,,,,,,,,,,,,,,,,0
224,Sun Pharma Advanced Research Company Ltd.,PHARMA,SPARC,Nifty Midcap 150,7535,,,,,,,,,,,,,,,,0
225,Sundaram Finance Ltd.,FINANCIAL SERVICES,SUNDARMFIN,Nifty Midcap 150,16314,,,,,,,,,,,,,,,,0
226,Sundram Fasteners Ltd.,AUTOMOBILE,SUNDRMFAST,Nifty Midcap 150,11193,,,,,,,,,,,,,,,,0
227,Supreme Industries Ltd.,INDUSTRIAL MANUFACTURING,SUPREMEIND,Nifty Midcap 150,12656,,,,,,,,,,,,,,,,0
228,Symphony Ltd.,CONSUMER GOODS,SYMPHONY,Nifty Midcap 150,7093,,,,,,,,,,,,,,,,0
229,Syngene International Ltd.,PHARMA,SYNGENE,Nifty Midcap 150,11494,,,,,,,,,,,,,,,,0
230,TI Financial Holdings Ltd.,FINANCIAL SERVICES,TIFIN,Nifty Midcap 150,9198,,,,,,,,,,,,,,,,0
231,TV18 Broadcast Ltd.,MEDIA & ENTERTAINMENT,TV18BRDCST,Nifty Midcap 150,6523,,,,,,,,,,,,,,,,0
232,TVS Motor Company Ltd.,AUTOMOBILE,TVSMOTOR,Nifty Midcap 150,26294,,,,,,,,,,,,,,,,0
233,Tata Chemicals Ltd.,CHEMICALS,TATACHEM,Nifty Midcap 150,17735,,,,,,,,,,,,,,,,0
234,Tata Global Beverages Ltd.,CONSUMER GOODS,TATAGLOBAL,Nifty Midcap 150,13737,,,,,,,,,,,,,,,,0
235,Tata Power Co. Ltd.,ENERGY,TATAPOWER,Nifty Midcap 150,20556,,,,,,,,,,,,,,,,0
236,The Ramco Cements Ltd.,CEMENT & CEMENT PRODUCTS,RAMCOCEM,Nifty Midcap 150,14214,,,,,,,,,,,,,,,,0
237,Thermax Ltd.,INDUSTRIAL MANUFACTURING,THERMAX,Nifty Midcap 150,12293,,,,,,,,,,,,,,,,0
238,Thomas Cook (India) Ltd.,SERVICES,THOMASCOOK,Nifty Midcap 150,7861,,,,,,,,,,,,,,,,0
239,Torrent Pharmaceuticals Ltd.,PHARMA,TORNTPHARM,Nifty Midcap 150,27593,,,,,,,,,,,,,,,,0
240,Torrent Power Ltd.,ENERGY,TORNTPOWER,Nifty Midcap 150,12321,,,,,,,,,,,,,,,,0
241,Trent Ltd.,CONSUMER GOODS,TRENT,Nifty Midcap 150,10880,,,,,,,,,,,,,,,,0
242,Union Bank of India,FINANCIAL SERVICES,UNIONBANK,Nifty Midcap 150,8852,,,,,,,,,,,,,,,,0
243,United Breweries Ltd.,CONSUMER GOODS,UBL,Nifty Midcap 150,33279,,,,,,,,,,,,,,,,0
244,V-Guard Industries Ltd.,INDUSTRIAL MANUFACTURING,VGUARD,Nifty Midcap 150,8319,,,,,,,,,,,,,,,,0
245,Vakrangee Ltd.,IT,VAKRANGEE,Nifty Midcap 150,2488,,,,,,,,,,,,,,,,0
246,Varun Beverages Ltd.,CONSUMER GOODS,VBL,Nifty Midcap 150,13806,,,,,,,,,,,,,,,,0
247,Voltas Ltd.,CONSTRUCTION,VOLTAS,Nifty Midcap 150,18149,,,,,,,,,,,,,,,,0
248,WABCO India Ltd.,AUTOMOBILE,WABCOINDIA,Nifty Midcap 150,12618,,,,,,,,,,,,,,,,0
249,Whirlpool of India Ltd.,CONSUMER GOODS,WHIRLPOOL,Nifty Midcap 150,17268,,,,,,,,,,,,,,,,0
250,8K Miles Soft Services Ltd.,IT,8KMILES,Nifty Smallcap 250,203.55,250.8,11.6,13.05,-60.84,1.8,0.5,0.2,22.5,-0.85,64.35,-19.2,-4.26,0,1.89,-58.71,0
251,APL Apollo Tubes Ltd.,METALS,APLAPOLLO,Nifty Smallcap 250,2911,404.2,15.37,25.84,-30.07,1,3.6,0.7,61.8,34.09,683.94,0.14,-0.89,1.08,23.41,885.84,1
252,Aarti Industries Ltd.,CHEMICALS,AARTIIND,Nifty Smallcap 250,11244,313.2,18.69,20.49,17.82,1.3,5.2,0.8,60.4,23.44,21407.8,-1.71,5.54,0.07,26.55,51.37,1
253,Advanced Enzyme Tech Ltd.,CONSUMER GOODS,ADVENZYMES,Nifty Smallcap 250,2138,63.1,16.35,22.39,15.47,4.1,3,0,9.9,8.21,-209.67,-14.01,12.14,0.33,15.81,88.36,1
254,Aegis Logistics Ltd.,ENERGY,AEGISCHEM,Nifty Smallcap 250,7343,43.9,15.91,20.03,0.45,1,4.9,0.1,7.5,17.18,225.07,0.07,0.7,0.61,42.88,80.36,1
255,Akzo Nobel India Ltd.,CONSUMER GOODS,AKZOINDIA,Nifty Smallcap 250,7082,248.9,18.58,26.32,-50.92,1.6,7.2,0,46,7.15,-169.26,1.8,-1.06,1.25,21.18,19.56,1
256,Allahabad Bank,FINANCIAL SERVICES,ALBK,Nifty Smallcap 250,6195,,,,,,,,,,,,,,,,0
257,Allcargo Logistics Ltd.,SERVICES,ALLCARGO,Nifty Smallcap 250,2493,82.2,12.1,13.33,25.81,1.1,1.4,0.3,9.8,13.8,-204.5,0.9,-4.76,1.98,14.26,272.07,1
258,Andhra Bank,FINANCIAL SERVICES,ANDHRABANK,Nifty Smallcap 250,4982,,,,,,,,,,,,,,,,0
259,Ashoka Buildcon Ltd.,CONSTRUCTION,ASHOKA,Nifty Smallcap 250,3331,14.5,-11.66,13.83,83.98,0.8,12.6,20,-1.2,37.09,-109.81,0.27,-0.18,0.44,11.6,-37.87,0
260,Aster DM Healthcare Ltd.,HEALTHCARE SERVICES,ASTERDM,Nifty Smallcap 250,7876,65.4,11.73,9.43,11.08,1.4,2.8,0.9,6.6,18.19,-56.32,0.34,0.12,0,25.16,42.24,1
261,Atul Ltd.,CHEMICALS,ATUL,Nifty Smallcap 250,9911,919.6,15.97,23.01,27.02,2.9,3.9,0,147,22.61,-127.28,0.06,0.35,0.35,23.97,107.79,1
262,BASF India Ltd.,CHEMICALS,BASF,Nifty Smallcap 250,6931,326.4,5.78,1.73,-69.39,1.3,4.5,0.6,18.9,7.72,128.54,0,0.64,0.23,93.62,73.74,1
263,BEML Ltd.,INDUSTRIAL MANUFACTURING,BEML,Nifty Smallcap 250,2869,523.7,2.88,6.33,-53.94,2.1,1.9,0.2,15.2,5.23,298.73,0,0.76,0.94,39.94,82.93,1
264,BSE Ltd.,FINANCIAL SERVICES,BSE,Nifty Smallcap 250,3236,566.7,6.78,6.06,-71.92,2.4,1.1,0,37.8,-1.64,13.26,0,-0.4,7.19,14.09,133.16,1
265,Bajaj Corp Ltd.,CONSUMER GOODS,BAJAJCORP,Nifty Smallcap 250,5205,,,,,,,,,,,,,,,,0
266,Bajaj Electricals Ltd,CONSUMER GOODS,BAJAJELEC,Nifty Smallcap 250,5101,103.1,14.81,26.53,16.5,1,5.4,1.5,15,41.67,-246.62,-0.23,-1.15,0.77,31.84,144.42,1
267,Balmer Lawrie & Co. Ltd.,SERVICES,BALMLAWRIE,Nifty Smallcap 250,2227,137.7,10.74,14.38,-5.03,2.3,1.4,0.1,14.1,3.25,-195.27,0,-0.94,5.56,10.91,-3.07,0
268,Balrampur Chini Mills Ltd.,CONSUMER GOODS,BALRAMCHIN,Nifty Smallcap 250,2500,92.7,27.18,25.26,160.71,1.4,1.5,0.8,25.2,-1.01,-179.31,1.14,-0.12,0,12.71,165.4,1
269,Bharat Dynamics Ltd.,INDUSTRIAL MANUFACTURING,BDL,Nifty Smallcap 250,5304,123.8,18.62,26.5,19.55,1.5,2.3,0,23.1,-32.66,76.5,0,0.79,2.55,8.26,209.54,1
270,Birla Corporation Ltd.,CEMENT & CEMENT PRODUCTS,BIRLACORPN,Nifty Smallcap 250,4591,583.7,5.68,7.2,45.52,1.4,0.9,0.8,33.2,14.07,-192.58,0,1.54,1.29,15.04,86.47,1
271,Bliss GVS Pharma Ltd.,PHARMA,BLISSGVS,Nifty Smallcap 250,1864,64,19.15,26.7,29.6,3.4,2.9,0.1,12,11.26,-106.7,-18.56,14.51,0.56,20.01,-54.86,0
272,Blue Star Ltd.,CONSUMER GOODS,BLUESTARCO,Nifty Smallcap 250,5485,90.9,21.76,32.85,26.67,1.1,7.5,0.4,19.7,12.96,170.6,-0.13,-0.16,1.6,37.39,133.09,1
273,Bombay Burmah Trading Corporation Ltd.,CONSUMER GOODS,BBTC,Nifty Smallcap 250,9523,,,,,,,,,,,,,,,,0
274,Bombay Dyeing & Manufacturing Co. Ltd.,TEXTILES,BOMDYEING,Nifty Smallcap 250,2494,,,,,,,,,,,,,,,,0
275,Brigade Enterprises Ltd.,CONSTRUCTION,BRIGADE,Nifty Smallcap 250,2400,,,,,,,,,,,,,,,,0
276,CARE Ratings Ltd.,FINANCIAL SERVICES,CARERATING,Nifty Smallcap 250,3158,,,,,,,,,,,,,,,,0
277,CCL Products (I) Ltd.,CONSUMER GOODS,CCL,Nifty Smallcap 250,3567,,,,,,,,,,,,,,,,0
278,CG Power and Industrial Solutions Ltd.,INDUSTRIAL MANUFACTURING,CGPOWER,Nifty Smallcap 250,2344,,,,,,,,,,,,,,,,0
279,Can Fin Homes Ltd.,FINANCIAL SERVICES,CANFINHOME,Nifty Smallcap 250,3657,,,,,,,,,,,,,,,,0
280,Capital First Ltd.,FINANCIAL SERVICES,CAPF,Nifty Smallcap 250,4733,,,,,,,,,,,,,,,,0
281,Caplin Point Laboratories Ltd.,PHARMA,CAPLIPOINT,Nifty Smallcap 250,3284,,,,,,,,,,,,,,,,0
282,Carborundum Universal Ltd.,INDUSTRIAL MANUFACTURING,CARBORUNIV,Nifty Smallcap 250,6848,,,,,,,,,,,,,,,,0
283,Ceat Ltd.,AUTOMOBILE,CEATLTD,Nifty Smallcap 250,4791,,,,,,,,,,,,,,,,0
284,Central Depository Services (India) Ltd.,FINANCIAL SERVICES,CDSL,Nifty Smallcap 250,2557,,,,,,,,,,,,,,,,0
285,Century Plyboards (India) Ltd.,CONSUMER GOODS,CENTURYPLY,Nifty Smallcap 250,3982,,,,,,,,,,,,,,,,0
286,Cera Sanitaryware Ltd,CONSTRUCTION,CERA,Nifty Smallcap 250,3185,,,,,,,,,,,,,,,,0
287,Chambal Fertilizers & Chemicals Ltd.,FERTILISERS & PESTICIDES,CHAMBLFERT,Nifty Smallcap 250,6037,,,,,,,,,,,,,,,,0
288,Chennai Petroleum Corporation Ltd.,ENERGY,CHENNPETRO,Nifty Smallcap 250,4080,,,,,,,,,,,,,,,,0
289,Cochin Shipyard Ltd.,INDUSTRIAL MANUFACTURING,COCHINSHIP,Nifty Smallcap 250,5292,,,,,,,,,,,,,,,,0
290,Coffee Day Enterprises Ltd.,CONSUMER GOODS,COFFEEDAY,Nifty Smallcap 250,5716,,,,,,,,,,,,,,,,0
291,Cyient Ltd.,IT,CYIENT,Nifty Smallcap 250,6999,,,,,,,,,,,,,,,,0
292,D.B.Corp Ltd.,MEDIA & ENTERTAINMENT,DBCORP,Nifty Smallcap 250,2882,,,,,,,,,,,,,,,,0
293,DCB Bank Ltd.,FINANCIAL SERVICES,DCBBANK,Nifty Smallcap 250,4925,,,,,,,,,,,,,,,,0
294,DCM Shriram Ltd.,CONSUMER GOODS,DCMSHRIRAM,Nifty Smallcap 250,6396,,,,,,,,,,,,,,,,0
295,Deepak Fertilisers & Petrochemicals Corp. Ltd.,CHEMICALS,DEEPAKFERT,Nifty Smallcap 250,1841,,,,,,,,,,,,,,,,0
296,Delta Corp Ltd.,SERVICES,DELTACORP,Nifty Smallcap 250,6740,,,,,,,,,,,,,,,,0
297,Den Networks Ltd.,MEDIA & ENTERTAINMENT,DEN,Nifty Smallcap 250,1336,,,,,,,,,,,,,,,,0
298,Dena Bank,FINANCIAL SERVICES,DENABANK,Nifty Smallcap 250,3581,,,,,,,,,,,,,,,,0
299,Dishman Carbogen Amcis Ltd.,PHARMA,DCAL,Nifty Smallcap 250,3692,,,,,,,,,,,,,,,,0
300,Dixon Technologies (India) Ltd.,CONSUMER GOODS,DIXON,Nifty Smallcap 250,2424,,,,,,,,,,,,,,,,0
301,Dr. Lal Path Labs Ltd.,HEALTHCARE SERVICES,LALPATHLAB,Nifty Smallcap 250,7396,,,,,,,,,,,,,,,,0
302,Dredging Corporation of India Ltd.,SERVICES,DREDGECORP,Nifty Smallcap 250,911.4,,,,,,,,,,,,,,,,0
303,E.I.D. Parry (India) Ltd.,FERTILISERS & PESTICIDES,EIDPARRY,Nifty Smallcap 250,3945,,,,,,,,,,,,,,,,0
304,Elgi Equipments Ltd.,INDUSTRIAL MANUFACTURING,ELGIEQUIP,Nifty Smallcap 250,4193,,,,,,,,,,,,,,,,0
305,Equitas Holdings Ltd.,FINANCIAL SERVICES,EQUITAS,Nifty Smallcap 250,3811,,,,,,,,,,,,,,,,0
306,Eris Lifesciences Ltd.,PHARMA,ERIS,Nifty Smallcap 250,9300,,,,,,,,,,,,,,,,0
307,Eros Intl Media Ltd.,MEDIA & ENTERTAINMENT,EROSMEDIA,Nifty Smallcap 250,849.82,,,,,,,,,,,,,,,,0
308,Eveready Industries India Ltd.,CONSUMER GOODS,EVEREADY,Nifty Smallcap 250,1382,,,,,,,,,,,,,,,,0
309,Excel Crop Care Ltd.,FERTILISERS & PESTICIDES,EXCELCROP,Nifty Smallcap 250,4305,,,,,,,,,,,,,,,,0
310,FDC Ltd.,PHARMA,FDC,Nifty Smallcap 250,3525,,,,,,,,,,,,,,,,0
311,Finolex Industries Ltd.,INDUSTRIAL MANUFACTURING,FINPIPE,Nifty Smallcap 250,6706,,,,,,,,,,,,,,,,0
312,Firstsource Solutions Ltd.,IT,FSL,Nifty Smallcap 250,4092,,,,,,,,,,,,,,,,0
313,Future Lifestyle Fashions Ltd.,CONSUMER GOODS,FLFL,Nifty Smallcap 250,7286,,,,,,,,,,,,,,,,0
314,GE Power India Ltd.,INDUSTRIAL MANUFACTURING,GEPIL,Nifty Smallcap 250,5553,,,,,,,,,,,,,,,,0
315,GHCL Ltd.,CHEMICALS,GHCL,Nifty Smallcap 250,2116,,,,,,,,,,,,,,,,0
316,GVK Power & Infrastructures Ltd.,CONSTRUCTION,GVKPIL,Nifty Smallcap 250,1271,,,,,,,,,,,,,,,,0
317,Galaxy Surfactants Ltd.,CHEMICALS,GALAXYSURF,Nifty Smallcap 250,4230,,,,,,,,,,,,,,,,0
318,Gateway Distriparks Ltd.,SERVICES,GDL,Nifty Smallcap 250,1447,,,,,,,,,,,,,,,,0
319,Gayatri Projects Ltd.,CONSTRUCTION,GAYAPROJ,Nifty Smallcap 250,3447,,,,,,,,,,,,,,,,0
320,Godfrey Phillips India Ltd.,CONSUMER GOODS,GODFRYPHLP,Nifty Smallcap 250,4117,,,,,,,,,,,,,,,,0
321,Granules India Ltd.,PHARMA,GRANULES,Nifty Smallcap 250,2571,,,,,,,,,,,,,,,,0
322,Great Eastern Shipping Co. Ltd.,SERVICES,GESHIP,Nifty Smallcap 250,4686,,,,,,,,,,,,,,,,0
323,Greaves Cotton Ltd.,INDUSTRIAL MANUFACTURING,GREAVESCOT,Nifty Smallcap 250,2906,,,,,,,,,,,,,,,,0
324,Greenply Industries Ltd.,CONSUMER GOODS,GREENPLY,Nifty Smallcap 250,1681,,,,,,,,,,,,,,,,0
325,Grindwell Norton Ltd.,INDUSTRIAL MANUFACTURING,GRINDWELL,Nifty Smallcap 250,5486,,,,,,,,,,,,,,,,0
326,Gujarat Alkalies & Chemicals Ltd.,CHEMICALS,GUJALKALI,Nifty Smallcap 250,4344,,,,,,,,,,,,,,,,0
327,Gujarat Fluorochemicals Ltd.,INDUSTRIAL MANUFACTURING,GUJFLUORO,Nifty Smallcap 250,9732,,,,,,,,,,,,,,,,0
328,Gujarat Mineral Development Corporation Ltd.,METALS,GMDCLTD,Nifty Smallcap 250,2762,,,,,,,,,,,,,,,,0
329,Gujarat Narmada Valley Fertilizers and Chemicals Ltd.,CHEMICALS,GNFC,Nifty Smallcap 250,5918,,,,,,,,,,,,,,,,0
330,Gujarat Pipavav Port Ltd.,SERVICES,GPPL,Nifty Smallcap 250,4755,,,,,,,,,,,,,,,,0
331,Gujarat State Fertilizers & Chemicals Ltd.,FERTILISERS & PESTICIDES,GSFC,Nifty Smallcap 250,4626,,,,,,,,,,,,,,,,0
332,Gulf Oil Lubricants India Ltd.,ENERGY,GULFOILLUB,Nifty Smallcap 250,3612,,,,,,,,,,,,,,,,0
333,HCL Infosystems Ltd.,IT,HCL-INSYS,Nifty Smallcap 250,882.28,,,,,,,,,,,,,,,,0
334,HSIL Ltd.,CONSUMER GOODS,HSIL,Nifty Smallcap 250,1857,,,,,,,,,,,,,,,,0
335,Hathway Cable & Datacom Ltd.,MEDIA & ENTERTAINMENT,HATHWAY,Nifty Smallcap 250,2584,,,,,,,,,,,,,,,,0
336,HeidelbergCement India Ltd.,CEMENT & CEMENT PRODUCTS,HEIDELBERG,Nifty Smallcap 250,3389,,,,,,,,,,,,,,,,0
337,Heritage Foods Ltd.,CONSUMER GOODS,HERITGFOOD,Nifty Smallcap 250,2367,,,,,,,,,,,,,,,,0
338,Himachal Fut Com Ltd.,TELECOM,HFCL,Nifty Smallcap 250,2553,,,,,,,,,,,,,,,,0
339,Himadri Speciality Chemical Ltd.,CHEMICALS,HSCL,Nifty Smallcap 250,5462,,,,,,,,,,,,,,,,0
340,Himatsingka Seide Ltd.,TEXTILES,HIMATSEIDE,Nifty Smallcap 250,2310,,,,,,,,,,,,,,,,0
341,Hindustan Construction Co. Ltd.,CONSTRUCTION,HCC,Nifty Smallcap 250,1401,,,,,,,,,,,,,,,,0
342,Hindustan Copper Ltd.,METALS,HINDCOPPER,Nifty Smallcap 250,4746,,,,,,,,,,,,,,,,0
343,IDFC Ltd.,FINANCIAL SERVICES,IDFC,Nifty Smallcap 250,6066,,,,,,,,,,,,,,,,0
344,IFB Industries Ltd.,CONSUMER GOODS,IFBIND,Nifty Smallcap 250,3625,,,,,,,,,,,,,,,,0
345,IFCI Ltd.,FINANCIAL SERVICES,IFCI,Nifty Smallcap 250,2425,,,,,,,,,,,,,,,,0
346,IL&FS Transportation Networks Ltd.,CONSTRUCTION,IL&FSTRANS,Nifty Smallcap 250,644.76,,,,,,,,,,,,,,,,0
347,IRB Infrastructure Developers Ltd.,CONSTRUCTION,IRB,Nifty Smallcap 250,5110,,,,,,,,,,,,,,,,0
348,ITD Cementation India Ltd.,CONSTRUCTION,ITDCEM,Nifty Smallcap 250,1960,,,,,,,,,,,,,,,,0
349,ITI Ltd.,TELECOM,ITI,Nifty Smallcap 250,7248,,,,,,,,,,,,,,,,0
350,India Cements Ltd.,CEMENT & CEMENT PRODUCTS,INDIACEM,Nifty Smallcap 250,2939,,,,,,,,,,,,,,,,0
351,India Tourism Development Corporation Ltd.,SERVICES,ITDC,Nifty Smallcap 250,2583,,,,,,,,,,,,,,,,0
352,Indiabulls Real Estate Ltd.,CONSTRUCTION,IBREALEST,Nifty Smallcap 250,3720,,,,,,,,,,,,,,,,0
353,Indian Energy Exchange Ltd.,FINANCIAL SERVICES,IEX,Nifty Smallcap 250,4751,,,,,,,,,,,,,,,,0
354,Indian Overseas Bank ,FINANCIAL SERVICES,IOB,Nifty Smallcap 250,7141,,,,,,,,,,,,,,,,0
355,Indo Count Industries Ltd.,TEXTILES,ICIL,Nifty Smallcap 250,1323,,,,,,,,,,,,,,,,0
356,Indoco Remedies Ltd.,PHARMA,INDOCO,Nifty Smallcap 250,1749,,,,,,,,,,,,,,,,0
357,Infibeam Avenues Ltd.,IT,INFIBEAM,Nifty Smallcap 250,2504,,,,,,,,,,,,,,,,0
358,Inox Leisure Ltd.,MEDIA & ENTERTAINMENT,INOXLEISUR,Nifty Smallcap 250,2197,,,,,,,,,,,,,,,,0
359,Inox Wind Ltd.,INDUSTRIAL MANUFACTURING,INOXWIND,Nifty Smallcap 250,1944,,,,,,,,,,,,,,,,0
360,Intellect Design Arena Ltd.,IT,INTELLECT,Nifty Smallcap 250,3273,,,,,,,,,,,,,,,,0
361,Ipca Laboratories Ltd.,PHARMA,IPCALAB,Nifty Smallcap 250,8903,,,,,,,,,,,,,,,,0
362,J.B. Chemicals & Pharmaceuticals Ltd.,PHARMA,JBCHEPHARM,Nifty Smallcap 250,2587,,,,,,,,,,,,,,,,0
363,J.K. Cement Ltd.,CEMENT & CEMENT PRODUCTS,JKCEMENT,Nifty Smallcap 250,4895,,,,,,,,,,,,,,,,0
364,J.Kumar Infraprojects Ltd.,CONSTRUCTION,JKIL,Nifty Smallcap 250,1027,,,,,,,,,,,,,,,,0
365,JK Lakshmi Cement Ltd.,CEMENT & CEMENT PRODUCTS,JKLAKSHMI,Nifty Smallcap 250,3162,,,,,,,,,,,,,,,,0
366,JK Tyre & Industries Ltd.,AUTOMOBILE,JKTYRE,Nifty Smallcap 250,2478,,,,,,,,,,,,,,,,0
367,Jagran Prakashan Ltd.,MEDIA & ENTERTAINMENT,JAGRAN,Nifty Smallcap 250,3176,,,,,,,,,,,,,,,,0
368,Jai Corp Ltd.,INDUSTRIAL MANUFACTURING,JAICORPLTD,Nifty Smallcap 250,1938,,,,,,,,,,,,,,,,0
369,Jain Irrigation Systems Ltd.,INDUSTRIAL MANUFACTURING,JISLJALEQS,Nifty Smallcap 250,3809,,,,,,,,,,,,,,,,0
370,Jaiprakash Associates Ltd.,CEMENT & CEMENT PRODUCTS,JPASSOCIAT,Nifty Smallcap 250,1642,,,,,,,,,,,,,,,,0
371,Jaiprakash Power Ventures Ltd.,ENERGY,JPPOWER,Nifty Smallcap 250,1199,,,,,,,,,,,,,,,,0
372,Jammu & Kashmir Bank Ltd.,FINANCIAL SERVICES,J&KBANK,Nifty Smallcap 250,2317,,,,,,,,,,,,,,,,0
373,Jet Airways (India) Ltd.,SERVICES,JETAIRWAYS,Nifty Smallcap 250,2603,,,,,,,,,,,,,,,,0
374,Jindal Saw Ltd.,METALS,JINDALSAW,Nifty Smallcap 250,2812,,,,,,,,,,,,,,,,0
375,Jindal Stainless (Hisar) Ltd.,METALS,JSLHISAR,Nifty Smallcap 250,2441,,,,,,,,,,,,,,,,0
376,Jindal Stainless Ltd.,METALS,JSL,Nifty Smallcap 250,2530,,,,,,,,,,,,,,,,0
377,Johnson Controls - Hitachi Air Conditioning India Ltd.,CONSUMER GOODS,JCHAC,Nifty Smallcap 250,4838,,,,,,,,,,,,,,,,0
378,Justdial Ltd.,IT,JUSTDIAL,Nifty Smallcap 250,3308,,,,,,,,,,,,,,,,0
379,Jyothy Laboratories Ltd.,CONSUMER GOODS,JYOTHYLAB,Nifty Smallcap 250,6955,,,,,,,,,,,,,,,,0
380,K.P.R. Mill Ltd.,TEXTILES,KPRMILL,Nifty Smallcap 250,4351,,,,,,,,,,,,,,,,0
381,KNR Constructions Ltd.,CONSTRUCTION,KNRCON,Nifty Smallcap 250,2701,,,,,,,,,,,,,,,,0
382,Kajaria Ceramics Ltd.,CONSTRUCTION,KAJARIACER,Nifty Smallcap 250,6496,,,,,,,,,,,,,,,,0
383,Kalpataru Power Transmission Ltd.,ENERGY,KALPATPOWR,Nifty Smallcap 250,5650,,,,,,,,,,,,,,,,0
384,Karnataka Bank Ltd.,FINANCIAL SERVICES,KTKBANK,Nifty Smallcap 250,2945,,,,,,,,,,,,,,,,0
385,Karur Vysya Bank Ltd.,FINANCIAL SERVICES,KARURVYSYA,Nifty Smallcap 250,6287,,,,,,,,,,,,,,,,0
386,Kaveri Seed Company Ltd.,CONSUMER GOODS,KSCL,Nifty Smallcap 250,3172,,,,,,,,,,,,,,,,0
387,Kec International Ltd.,CONSTRUCTION,KEC,Nifty Smallcap 250,7826,,,,,,,,,,,,,,,,0
388,Kolte-Patil Developers Ltd.,CONSTRUCTION,KOLTEPATIL,Nifty Smallcap 250,1840,,,,,,,,,,,,,,,,0
389,Lakshmi Machine Works Ltd.,INDUSTRIAL MANUFACTURING,LAXMIMACH,Nifty Smallcap 250,6515,,,,,,,,,,,,,,,,0
390,Lakshmi Vilas Bank Ltd.,FINANCIAL SERVICES,LAKSHVILAS,Nifty Smallcap 250,2311,,,,,,,,,,,,,,,,0
391,Laurus Labs Ltd.,PHARMA,LAURUSLABS,Nifty Smallcap 250,3906,,,,,,,,,,,,,,,,0
392,Lemon Tree Hotels Ltd.,SERVICES,LEMONTREE,Nifty Smallcap 250,5463,,,,,,,,,,,,,,,,0
393,Linde India Ltd.,CHEMICALS,LINDEINDIA,Nifty Smallcap 250,4003,,,,,,,,,,,,,,,,0
394,Lux Industries Ltd.,TEXTILES,LUXIND,Nifty Smallcap 250,3999,,,,,,,,,,,,,,,,0
395,MAS Financial Services Ltd.,FINANCIAL SERVICES,MASFIN,Nifty Smallcap 250,2738,,,,,,,,,,,,,,,,0
396,MMTC Ltd.,SERVICES,MMTC,Nifty Smallcap 250,4440,,,,,,,,,,,,,,,,0
397,MOIL Ltd.,METALS,MOIL,Nifty Smallcap 250,4512,,,,,,,,,,,,,,,,0
398,Magma Fincorp Ltd.,FINANCIAL SERVICES,MAGMA,Nifty Smallcap 250,2910,,,,,,,,,,,,,,,,0
399,Mahindra Holidays & Resorts India Ltd.,SERVICES,MHRIL,Nifty Smallcap 250,2959,,,,,,,,,,,,,,,,0
400,Mahindra Logistics Ltd.,SERVICES,MAHLOG,Nifty Smallcap 250,3824,,,,,,,,,,,,,,,,0
401,Manpasand Beverages Ltd.,CONSUMER GOODS,MANPASAND,Nifty Smallcap 250,1081,,,,,,,,,,,,,,,,0
402,Max India Ltd.,HEALTHCARE SERVICES,MAXINDIA,Nifty Smallcap 250,1864,,,,,,,,,,,,,,,,0
403,McLeod Russel India Ltd.,CONSUMER GOODS,MCLEODRUSS,Nifty Smallcap 250,1455,,,,,,,,,,,,,,,,0
404,Merck Ltd.,PHARMA,MERCK,Nifty Smallcap 250,5147,,,,,,,,,,,,,,,,0
405,Minda Corporation Ltd.,AUTOMOBILE,MINDACORP,Nifty Smallcap 250,3054,,,,,,,,,,,,,,,,0
406,Minda Industries Ltd.,AUTOMOBILE,MINDAIND,Nifty Smallcap 250,8884,,,,,,,,,,,,,,,,0
407,Monsanto India Ltd.,FERTILISERS & PESTICIDES,MONSANTO,Nifty Smallcap 250,4405,,,,,,,,,,,,,,,,0
408,NCC Ltd.,CONSTRUCTION,NCC,Nifty Smallcap 250,4787,,,,,,,,,,,,,,,,0
409,NESCO Ltd.,SERVICES,NESCO,Nifty Smallcap 250,3082,,,,,,,,,,,,,,,,0
410,NIIT Technologies Ltd.,IT,NIITTECH,Nifty Smallcap 250,7317,,,,,,,,,,,,,,,,0
411,Narayana Hrudayalaya Ltd.,HEALTHCARE SERVICES,NH,Nifty Smallcap 250,4989,,,,,,,,,,,,,,,,0
412,National Fertilizers Ltd.,FERTILISERS & PESTICIDES,NFL,Nifty Smallcap 250,1761,,,,,,,,,,,,,,,,0
413,Nava Bharat Ventures Ltd.,ENERGY,NBVENTURES,Nifty Smallcap 250,2219,,,,,,,,,,,,,,,,0
414,Navin Fluorine International Ltd.,CHEMICALS,NAVINFLUOR,Nifty Smallcap 250,3202,,,,,,,,,,,,,,,,0
415,Navkar Corporation Ltd.,SERVICES,NAVKARCORP,Nifty Smallcap 250,1002,,,,,,,,,,,,,,,,0
416,Network18 Media & Investments Ltd.,MEDIA & ENTERTAINMENT,NETWORK18,Nifty Smallcap 250,4381,,,,,,,,,,,,,,,,0
417,Nilkamal Ltd.,INDUSTRIAL MANUFACTURING,NILKAMAL,Nifty Smallcap 250,2359,,,,,,,,,,,,,,,,0
418,Omaxe Ltd.,CONSTRUCTION,OMAXE,Nifty Smallcap 250,3902,,,,,,,,,,,,,,,,0
419,Orient Cement Ltd.,CEMENT & CEMENT PRODUCTS,ORIENTCEM,Nifty Smallcap 250,1838,,,,,,,,,,,,,,,,0
420,Oriental Bank of Commerce,FINANCIAL SERVICES,ORIENTBANK,Nifty Smallcap 250,4993,,,,,,,,,,,,,,,,0
421,PNC Infratech Ltd.,CONSTRUCTION,PNCINFRA,Nifty Smallcap 250,3579,,,,,,,,,,,,,,,,0
422,PTC India Fin Serv Ltd.,FINANCIAL SERVICES,PFS,Nifty Smallcap 250,995.54,,,,,,,,,,,,,,,,0
423,PTC India Ltd.,ENERGY,PTC,Nifty Smallcap 250,2341,,,,,,,,,,,,,,,,0
424,PVR Ltd.,MEDIA & ENTERTAINMENT,PVR,Nifty Smallcap 250,6517,,,,,,,,,,,,,,,,0
425,Parag Milk Foods Ltd.,CONSUMER GOODS,PARAGMILK,Nifty Smallcap 250,2171,,,,,,,,,,,,,,,,0
426,Persistent Systems Ltd.,IT,PERSISTENT,Nifty Smallcap 250,4482,,,,,,,,,,,,,,,,0
427,Phillips Carbon Black Ltd.,CHEMICALS,PHILIPCARB,Nifty Smallcap 250,3982,,,,,,,,,,,,,,,,0
428,Praj Industries Ltd.,INDUSTRIAL MANUFACTURING,PRAJIND,Nifty Smallcap 250,1972,,,,,,,,,,,,,,,,0
429,Prism Johnson Ltd.,CEMENT & CEMENT PRODUCTS,PRSMJOHNSN,Nifty Smallcap 250,4452,,,,,,,,,,,,,,,,0
430,Radico Khaitan Ltd,CONSUMER GOODS,RADICO,Nifty Smallcap 250,5298,,,,,,,,,,,,,,,,0
431,Rain Industries Ltd,CHEMICALS,RAIN,Nifty Smallcap 250,6280,,,,,,,,,,,,,,,,0
432,Rallis India Ltd.,FERTILISERS & PESTICIDES,RALLIS,Nifty Smallcap 250,3277,,,,,,,,,,,,,,,,0
433,Ramkrishna Forgings Ltd.,INDUSTRIAL MANUFACTURING,RKFORGE,Nifty Smallcap 250,1907,,,,,,,,,,,,,,,,0
434,Rashtriya Chemicals & Fertilizers Ltd.,FERTILISERS & PESTICIDES,RCF,Nifty Smallcap 250,3415,,,,,,,,,,,,,,,,0
435,Raymond Ltd.,TEXTILES,RAYMOND,Nifty Smallcap 250,4657,,,,,,,,,,,,,,,,0
436,Redington (India) Ltd.,SERVICES,REDINGTON,Nifty Smallcap 250,3445,,,,,,,,,,,,,,,,0
437,Relaxo Footwears Ltd.,CONSUMER GOODS,RELAXO,Nifty Smallcap 250,9533,,,,,,,,,,,,,,,,0
438,Reliance Communications Ltd.,TELECOM,RCOM,Nifty Smallcap 250,3899,,,,,,,,,,,,,,,,0
439,Reliance Home Finance Ltd.,FINANCIAL SERVICES,RHFL,Nifty Smallcap 250,2166,,,,,,,,,,,,,,,,0
440,Reliance Naval and Engineering Ltd.,INDUSTRIAL MANUFACTURING,RNAVAL,Nifty Smallcap 250,1044,,,,,,,,,,,,,,,,0
441,Repco Home Finance Ltd.,FINANCIAL SERVICES,REPCOHOME,Nifty Smallcap 250,2533,,,,,,,,,,,,,,,,0
442,Rupa & Company Ltd.,TEXTILES,RUPA,Nifty Smallcap 250,2379,,,,,,,,,,,,,,,,0
443,S H Kelkar and Company Ltd.,CONSUMER GOODS,SHK,Nifty Smallcap 250,2665,,,,,,,,,,,,,,,,0
444,SREI Infrastructure Finance Ltd.,FINANCIAL SERVICES,SREINFRA,Nifty Smallcap 250,1778,,,,,,,,,,,,,,,,0
445,Sadbhav Engineering Ltd.,CONSTRUCTION,SADBHAV,Nifty Smallcap 250,3617,,,,,,,,,,,,,,,,0
446,Sadbhav Infrastructure Project Ltd.,CONSTRUCTION,SADBHIN,Nifty Smallcap 250,3728,,,,,,,,,,,,,,,,0
447,Schaeffler India Ltd.,INDUSTRIAL MANUFACTURING,SCHAEFFLER,Nifty Smallcap 250,8390,,,,,,,,,,,,,,,,0
448,Security and Intelligence Services (India) Ltd.,SERVICES,SIS,Nifty Smallcap 250,6450,,,,,,,,,,,,,,,,0
449,Shankara Building Products Ltd.,METALS,SHANKARA,Nifty Smallcap 250,2521,,,,,,,,,,,,,,,,0
450,Shilpa Medicare Ltd.,PHARMA,SHILPAMED,Nifty Smallcap 250,3213,,,,,,,,,,,,,,,,0
451,Shipping Corporation of India Ltd.,SERVICES,SCI,Nifty Smallcap 250,2119,,,,,,,,,,,,,,,,0
452,Shoppers Stop Ltd.,CONSUMER GOODS,SHOPERSTOP,Nifty Smallcap 250,4223,,,,,,,,,,,,,,,,0
453,Shree Renuka Sugars Ltd.,CONSUMER GOODS,RENUKA,Nifty Smallcap 250,2540,,,,,,,,,,,,,,,,0
454,Sintex Plastics Technology Ltd.,INDUSTRIAL MANUFACTURING,SPTL,Nifty Smallcap 250,1606,,,,,,,,,,,,,,,,0
455,Sobha Ltd.,CONSTRUCTION,SOBHA,Nifty Smallcap 250,4295,,,,,,,,,,,,,,,,0
456,Sonata Software Ltd.,IT,SONATSOFTW,Nifty Smallcap 250,3246,,,,,,,,,,,,,,,,0
457,South Indian Bank Ltd.,FINANCIAL SERVICES,SOUTHBANK,Nifty Smallcap 250,2660,,,,,,,,,,,,,,,,0
458,Star Cement Ltd.,CEMENT & CEMENT PRODUCTS,STARCEMENT,Nifty Smallcap 250,4402,,,,,,,,,,,,,,,,0
459,Strides Pharma Science Ltd.,PHARMA,STAR,Nifty Smallcap 250,3760,,,,,,,,,,,,,,,,0
460,Sudarshan Chemical Industries Ltd.,CHEMICALS,SUDARSCHEM,Nifty Smallcap 250,2598,,,,,,,,,,,,,,,,0
461,Sunteck Realty Ltd.,CONSTRUCTION,SUNTECK,Nifty Smallcap 250,5092,,,,,,,,,,,,,,,,0
462,Suven Life Sciences Ltd.,PHARMA,SUVEN,Nifty Smallcap 250,3008,,,,,,,,,,,,,,,,0
463,Suzlon Energy Ltd.,INDUSTRIAL MANUFACTURING,SUZLON,Nifty Smallcap 250,3351,,,,,,,,,,,,,,,,0
464,Swan Energy Ltd.,TEXTILES,SWANENERGY,Nifty Smallcap 250,2484,,,,,,,,,,,,,,,,0
465,Syndicate Bank,FINANCIAL SERVICES,SYNDIBANK,Nifty Smallcap 250,4868,,,,,,,,,,,,,,,,0
466,TTK Prestige Ltd.,CONSUMER GOODS,TTKPRESTIG,Nifty Smallcap 250,7881,,,,,,,,,,,,,,,,0
467,TV Today Network Ltd.,MEDIA & ENTERTAINMENT,TVTODAY,Nifty Smallcap 250,2368,,,,,,,,,,,,,,,,0
468,TVS Srichakra Ltd.,AUTOMOBILE,TVSSRICHAK,Nifty Smallcap 250,1979,,,,,,,,,,,,,,,,0
469,Take Solutions Ltd.,IT,TAKE,Nifty Smallcap 250,2270,,,,,,,,,,,,,,,,0
470,Tamil Nadu Newsprint & Papers Ltd.,PAPER,TNPL,Nifty Smallcap 250,1884,,,,,,,,,,,,,,,,0
471,Tata Coffee Ltd.,CONSUMER GOODS,TATACOFFEE,Nifty Smallcap 250,1815,,,,,,,,,,,,,,,,0
472,Tata Elxsi Ltd.,IT,TATAELXSI,Nifty Smallcap 250,6522,,,,,,,,,,,,,,,,0
473,Tata Investment Corporation Ltd.,FINANCIAL SERVICES,TATAINVEST,Nifty Smallcap 250,3895,,,,,,,,,,,,,,,,0
474,Tata Sponge Iron Ltd.,METALS,TATASPONGE,Nifty Smallcap 250,1246,,,,,,,,,,,,,,,,0
475,Teamlease Services Ltd.,SERVICES,TEAMLEASE,Nifty Smallcap 250,4535,,,,,,,,,,,,,,,,0
476,Texmaco Rail & Eng. Ltd.,INDUSTRIAL MANUFACTURING,TEXRAIL,Nifty Smallcap 250,1365,,,,,,,,,,,,,,,,0
477,Thyrocare Technologies Ltd.,HEALTHCARE SERVICES,THYROCARE,Nifty Smallcap 250,2946,,,,,,,,,,,,,,,,0
478,Time Technoplast Ltd.,INDUSTRIAL MANUFACTURING,TIMETECHNO,Nifty Smallcap 250,2682,,,,,,,,,,,,,,,,0
479,Timken India Ltd.,INDUSTRIAL MANUFACTURING,TIMKEN,Nifty Smallcap 250,3965,,,,,,,,,,,,,,,,0
480,Trident Ltd.,TEXTILES,TRIDENT,Nifty Smallcap 250,3417,,,,,,,,,,,,,,,,0
481,Tube Investments of India Ltd.,AUTOMOBILE,TIINDIA,Nifty Smallcap 250,5522,,,,,,,,,,,,,,,,0
482,UCO Bank,FINANCIAL SERVICES,UCOBANK,Nifty Smallcap 250,7277,,,,,,,,,,,,,,,,0
483,UFLEX Ltd.,INDUSTRIAL MANUFACTURING,UFLEX,Nifty Smallcap 250,2184,,,,,,,,,,,,,,,,0
484,Ujjivan Financial Services Ltd.,FINANCIAL SERVICES,UJJIVAN,Nifty Smallcap 250,2624,,,,,,,,,,,,,,,,0
485,Unichem Laboratories Ltd.,PHARMA,UNICHEMLAB,Nifty Smallcap 250,1522,,,,,,,,,,,,,,,,0
486,V-Mart Retail Ltd.,CONSUMER GOODS,VMART,Nifty Smallcap 250,5039,,,,,,,,,,,,,,,,0
487,V.I.P. Industries Ltd.,CONSUMER GOODS,VIPIND,Nifty Smallcap 250,6649,,,,,,,,,,,,,,,,0
488,VRL Logistics Ltd.,SERVICES,VRLLOG,Nifty Smallcap 250,2473,,,,,,,,,,,,,,,,0
489,Va Tech Wabag Ltd.,SERVICES,WABAG,Nifty Smallcap 250,1500,,,,,,,,,,,,,,,,0
490,Vardhman Textiles Ltd.,TEXTILES,VTL,Nifty Smallcap 250,6037,,,,,,,,,,,,,,,,0
491,Venky's (India) Ltd.,CONSUMER GOODS,VENKEYS,Nifty Smallcap 250,3977,,,,,,,,,,,,,,,,0
492,Vijaya Bank,FINANCIAL SERVICES,VIJAYABANK,Nifty Smallcap 250,5634,,,,,,,,,,,,,,,,0
493,Vinati Organics Ltd.,CHEMICALS,VINATIORGA,Nifty Smallcap 250,7706,,,,,,,,,,,,,,,,0
494,Welspun Corp Ltd.,METALS,WELCORP,Nifty Smallcap 250,3712,,,,,,,,,,,,,,,,0
495,Welspun India Ltd.,TEXTILES,WELSPUNIND,Nifty Smallcap 250,6114,,,,,,,,,,,,,,,,0
496,Wockhardt Ltd.,PHARMA,WOCKPHARMA,Nifty Smallcap 250,5658,,,,,,,,,,,,,,,,0
497,Zensar Technolgies Ltd.,IT,ZENSARTECH,Nifty Smallcap 250,5828,,,,,,,,,,,,,,,,0
498,Zydus Wellness Ltd.,CONSUMER GOODS,ZYDUSWELL,Nifty Smallcap 250,4611,,,,,,,,,,,,,,,,0
499,eClerx Services Ltd.,IT,ECLERX,Nifty Smallcap 250,4147,,,,,,,,,,,,,,,,0
